ano_mes,faturamento_mensal,pedidos_mensais,ticket_medio_mensal
2024-07,2239.100000000,49,45.69591836734693877551020408
